<manifest alg="2" build="2015.2.1.352" opt="true" iceEnabled="true" iceMarkupVersion="2" iceEnabledOptions="link,responsive" exportTarget="other" domain="http://www.gabblecomunicacao.com.br/cihub" resolutions="1x" timestamp="1476629549716">
  <folder name="phone">
    <folder name="css">
      <file name="index.css" crc="4130234402" ref="phone>index"/>
      <file name="adddevice_loading.css" crc="409542002" ref="phone>adddevice_loading"/>
      <file name="adddevice_list.css" crc="4237482468" ref="phone>adddevice_list"/>
      <file name="adddevice_position.css" crc="4060122754" ref="phone>adddevice_position"/>
      <file name="adddevice_success.css" crc="420258807" ref="phone>adddevice_success"/>
      <file name="nomq_adddevice_success.css" crc="3824530138" ref="phone>adddevice_success"/>
      <file name="homefunction.css" crc="91825640" ref="phone>homefunction"/>
      <file name="nomq_homefunction.css" crc="3824530138" ref="phone>homefunction"/>
      <file name="firsttime.css" crc="415142619" ref="phone>firsttime"/>
    </folder>
    <file name="index.html" crc="4046205007" seo="true" mt="1476629517244" redirect="true"/>
    <file name="firsttime.html" crc="3767296730" seo="true" mt="1476629039395" redirect="true"/>
    <file name="adddevice_loading.html" crc="4222579937" seo="true" mt="1476629530260" redirect="true"/>
    <file name="adddevice_list.html" crc="485988154" seo="true" mt="1476629162962" redirect="true"/>
    <file name="adddevice_position.html" crc="4155663777" seo="true" mt="1476629182337" redirect="true"/>
    <file name="adddevice_success.html" crc="482000237" seo="true" mt="1476627973884" redirect="true"/>
    <file name="homefunction.html" crc="3863715797" seo="true" mt="1476628002941" redirect="true"/>
  </folder>
  <folder name="css">
    <file name="site_global.css" crc="3861005343"/>
    <file name="adddevice_success.css" crc="4134196106" ref="adddevice_success"/>
    <file name="firsttime.css" crc="4290516146" ref="firsttime"/>
    <file name="adddevice_loading.css" crc="4083759497" ref="adddevice_loading"/>
    <file name="adddevice_list.css" crc="76403581" ref="adddevice_list"/>
    <file name="homefunction.css" crc="3794357011" ref="homefunction"/>
    <file name="index.css" crc="3981690384" ref="index"/>
    <file name="nomq_index.css" crc="4150498173" ref="index"/>
    <file name="adddevice_position.css" crc="3856680789" ref="adddevice_position"/>
  </folder>
  <folder name="assets">
    <file name="ripple.gif" crc="4091947782" seo="true" mt="1476589773000"/>
  </folder>
  <folder name="scripts">
    <file name="jquery-1.8.3.min.js" crc="169078940" ref="index:firsttime:adddevice_loading:adddevice_list:adddevice_position:adddevice_success:homefunction:phone>index:phone>firsttime:phone>adddevice_loading:phone>adddevice_list:phone>adddevice_position:phone>adddevice_success:phone>homefunction"/>
    <file name="museutils.js" crc="3851988764" ref="index:firsttime:adddevice_loading:adddevice_list:adddevice_position:adddevice_success:homefunction:phone>index:phone>firsttime:phone>adddevice_loading:phone>adddevice_list:phone>adddevice_position:phone>adddevice_success:phone>homefunction"/>
    <file name="whatinput.js" crc="86476730" ref="index:firsttime:adddevice_loading:adddevice_list:adddevice_position:adddevice_success:homefunction:phone>index:phone>firsttime:phone>adddevice_loading:phone>adddevice_list:phone>adddevice_position:phone>adddevice_success:phone>homefunction"/>
    <file name="museconfig.js" crc="169177150" ref="index:firsttime:adddevice_loading:adddevice_list:adddevice_position:adddevice_success:homefunction:phone>index:phone>firsttime:phone>adddevice_loading:phone>adddevice_list:phone>adddevice_position:phone>adddevice_success:phone>homefunction"/>
    <file name="jquery.museresponsive.js" crc="516761069" ref="index"/>
    <file name="require.js" crc="4108833657" ref="index:firsttime:adddevice_loading:adddevice_list:adddevice_position:adddevice_success:homefunction:phone>index:phone>firsttime:phone>adddevice_loading:phone>adddevice_list:phone>adddevice_position:phone>adddevice_success:phone>homefunction"/>
    <file name="pie.js" crc="3831537696" ref="firsttime:adddevice_list:adddevice_position:adddevice_success:phone>firsttime:phone>adddevice_list:phone>adddevice_position:phone>adddevice_success"/>
    <file name="jquery.watch.js" crc="3842844514" ref="phone>index:phone>firsttime:phone>adddevice_loading:phone>adddevice_list:phone>adddevice_position:phone>adddevice_success:phone>homefunction"/>
  </folder>
  <folder name="images">
    <file name="vector smart object.jpg" crc="245110567" seo="true" ref="index:phone>index"/>
    <file name="vector smart object-u215.png" crc="4113953070" ref="index"/>
    <file name="vector smart object-u2152.png" crc="4113953070" ref="index"/>
    <file name="blank.gif" crc="4208392903" ref="index"/>
    <file name="cihub app-recoveredpsdfisttime-vector smart object copyc.png" crc="3772513403" seo="true" ref="firsttime:phone>firsttime"/>
    <file name="ripple.gif" crc="4091947782" seo="true" ref="adddevice_loading:phone>adddevice_loading"/>
    <file name="asset-1.svg" crc="4166869572" seo="true" ref="adddevice_position:phone>adddevice_position"/>
    <file name="asset 1_poster_.png" crc="286286999" ref="phone>adddevice_position"/>
    <file name="asset-2.svg" crc="436223343" seo="true" ref="adddevice_success:phone>adddevice_success"/>
    <file name="asset 2_poster_.png" crc="481393794" ref="phone>adddevice_success"/>
    <file name="asset-4.svg" crc="47093329" seo="true" ref="homefunction:phone>homefunction"/>
    <file name="asset 4_poster_.png" crc="4118593091" ref="phone>homefunction"/>
    <file name="asset-3.svg" crc="344731579" seo="true" ref="homefunction:phone>homefunction"/>
    <file name="asset 3_poster_.png" crc="471358588" ref="phone>homefunction"/>
    <file name="vector smart object-u939.png" crc="4120728185" ref="phone>index"/>
  </folder>
  <file name="index.html" crc="508994264" seo="true" mt="1476627568527" redirect="true"/>
  <file name="firsttime.html" crc="3905855963" seo="true" mt="1476627568664" redirect="true"/>
  <file name="adddevice_loading.html" crc="3868906863" seo="true" mt="1476627568777" redirect="true"/>
  <file name="adddevice_list.html" crc="3994150712" seo="true" mt="1476627568909" redirect="true"/>
  <file name="adddevice_position.html" crc="4177754505" seo="true" mt="1476627569048" redirect="true"/>
  <file name="adddevice_success.html" crc="4180306235" seo="true" mt="1476627569174" redirect="true"/>
  <file name="homefunction.html" crc="3906426142" seo="true" mt="1476627569286" redirect="true"/>
</manifest>